키워드 분류,키워드,월간 검색량,인스타그램 태그수,관심도 점수,주요 연관어
심리/발달,#감성교육,9772,566,9.8,"예술, 교육, 아동, 발달, 창의"
지역,#광진구학원,7122,633,9.8,"예술, 교육, 아동, 발달, 창의"
학부모,#초등맘,8986,651,9.8,"예술, 교육, 아동, 발달, 창의"
미술교육,#미술수업,7669,452,9.7,"예술, 교육, 아동, 발달, 창의"
미술교육,#아동미술,8160,449,9.6,"예술, 교육, 아동, 발달, 창의"
미술교육,#창의미술,6603,659,9.5,"예술, 교육, 아동, 발달, 창의"
심리/발달,#창의력발달,9664,571,9.2,"예술, 교육, 아동, 발달, 창의"
미술교육,#어린이미술,9557,494,9.2,"예술, 교육, 아동, 발달, 창의"
지역,#서울미술,1701,248,9.2,"예술, 교육, 아동, 발달, 창의"
학부모,#아동교육,9444,462,9.2,"예술, 교육, 아동, 발달, 창의"
지역,#광진구맘,2095,281,9.1,"예술, 교육, 아동, 발달, 창의"
학부모,#예술교육,7537,518,8.7,"예술, 교육, 아동, 발달, 창의"
지역,#서울교육,3838,328,8.7,"예술, 교육, 아동, 발달, 창의"
학부모,#엄마스타그램,1638,507,8.7,"예술, 교육, 아동, 발달, 창의"
심리/발달,#정서발달,4849,608,8.7,"예술, 교육, 아동, 발달, 창의"
심리/발달,#예술치료,1556,931,8.2,"예술, 교육, 아동, 발달, 창의"
학부모,#육아스타그램,1948,218,8.0,"예술, 교육, 아동, 발달, 창의"
미술교육,#아동미술수업,2333,806,8.0,"예술, 교육, 아동, 발달, 창의"
미술교육,#미술놀이,6585,787,8.0,"예술, 교육, 아동, 발달, 창의"
지역,#광진구교육,6942,495,7.9,"예술, 교육, 아동, 발달, 창의"
학부모,#미술맘,5064,154,7.7,"예술, 교육, 아동, 발달, 창의"
심리/발달,#미술치료,9139,322,7.7,"예술, 교육, 아동, 발달, 창의"
지역,#서울미술학원,7686,979,7.5,"예술, 교육, 아동, 발달, 창의"
미술교육,#미술학원,9161,894,7.4,"예술, 교육, 아동, 발달, 창의"
지역,#서울아동미술,1183,327,7.4,"예술, 교육, 아동, 발달, 창의"
심리/발달,#인성교육,3411,712,7.3,"예술, 교육, 아동, 발달, 창의"
심리/발달,#아동심리,6072,868,7.3,"예술, 교육, 아동, 발달, 창의"
지역,#광진구미술,3506,816,7.1,"예술, 교육, 아동, 발달, 창의"
학부모,#예체능교육,2229,131,7.1,"예술, 교육, 아동, 발달, 창의"
학부모,#교육맘,6039,490,7.1,"예술, 교육, 아동, 발달, 창의"
심리/발달,#아동발달,4188,530,7.0,"예술, 교육, 아동, 발달, 창의"
미술교육,#미술교육,8706,189,7.0,"예술, 교육, 아동, 발달, 창의"
